Feature,Importance
Additions,0.41240112321590855
Deletions,0.03659906690728061
Total Changes,0.3893226930108857
File Changes,0.13039879014726663
Time Since Last Commit,0.03127832671865864
